,index,prix
0,SO,2.580152
1,SG,90.74330545000001
2,OUT,36.80230464
3,SH,1.117484
4,TG,8.990356
5,AR,0.0
6,JU,0.277013
7,NW,1.456715
8,FR,461.48920425
9,LU,61.28999167
10,AI,0.0
11,UR,0.105
12,NE,386.7540813
13,GR,17.467538
14,ZH,3552.09777027
15,SZ,1.483911
16,AG,132.53736487
17,VD,2405.32478915
18,BE,1591.31823459
19,VS,28.9453372
20,TI,93.61009275
21,OW,0.138096
22,BL,1.21119
23,ZG,1.081415
24,GE,1862.38917196
25,BS,1376.40649137
26,GL,0.0
