,index,prix
0,VS,25.7305022
1,UR,0.105
2,LU,60.84533067
3,VD,2395.45755615
4,SZ,1.483911
5,ZG,1.081415
6,TG,8.913768
7,SG,90.74330545000001
8,JU,0.277013
9,SO,2.580152
10,GR,16.71954
11,NW,1.456715
12,OW,0.138096
13,BS,1374.96405637
14,GE,1860.9333369600001
15,SH,1.117484
16,NE,386.5488183
17,FR,460.46458725
18,TI,93.30398975
19,AR,0.0
20,BE,1586.4366655899998
21,ZH,3544.03747527
22,BL,1.20189
23,OUT,31.23324164
24,AG,131.74752987
25,GL,0.0
26,AI,0.0
