,index,prix
0,ZH,3552.09777027
1,GR,17.467538
2,GE,1862.38917196
3,SZ,1.483911
4,GL,0.0
5,BL,1.21119
6,ZG,1.081415
7,BE,1591.31823459
8,JU,0.277013
9,TI,93.61009275
10,BS,1376.40649137
11,OW,0.138096
12,AR,0.0
13,VD,2405.32478915
14,SH,1.117484
15,UR,0.105
16,FR,461.48920425
17,AG,132.53736487
18,SG,90.74330545000001
19,VS,28.9453372
20,NE,386.7540813
21,TG,8.990356
22,OUT,36.80230464
23,LU,61.28999167
24,AI,0.0
25,NW,1.456715
26,SO,2.580152
