Canton,Amount
FR,461.48920425
VS,28.9453372
TG,8.990356
AI,0.0
AG,132.53736487
LU,61.28999167
SZ,1.483911
BL,1.21119
OW,0.138096
AR,0.0
TI,93.61009275
SG,90.74330545
ZG,1.081415
JU,0.277013
UR,0.105
VD,2405.32478915
GE,1862.38917196
SO,2.580152
ZH,3552.09777027
GL,0.0
NE,386.7540813
BS,1376.40649137
SH,1.117484
OUT,36.80230464
NW,1.456715
GR,17.467538
BE,1591.31823459
